n_neighbors,min_dist,silhouette,tiempo_s
5,0.1,0.5153126120567322,13.03
5,0.5,0.4290499687194824,1.05
15,0.1,0.4480574429035187,1.48
15,0.5,0.42354828119277954,1.49
30,0.1,0.492964506149292,1.91
30,0.5,0.4462277591228485,1.83
50,0.1,0.44510748982429504,2.16
50,0.5,0.45959600806236267,2.17
