n_neighbors,min_dist,silhouette,tiempo_s
5,0.1,0.5153126120567322,23.29
5,0.5,0.4290499687194824,1.26
15,0.1,0.4480574429035187,1.92
15,0.5,0.42354828119277954,1.9
30,0.1,0.492964506149292,2.3
30,0.5,0.4462277591228485,2.29
50,0.1,0.44510748982429504,2.78
50,0.5,0.45959600806236267,3.69
