perplexity,kl_divergence,silhouette,tiempo_s
5,1.0960882902145386,0.42518267035484314,4.32
15,1.0836125612258911,0.4887229800224304,3.53
30,0.9532455801963806,0.4660014808177948,4.25
50,0.8045889735221863,0.5150548815727234,4.76
