,IC_1,IC_2
Canal_1,-0.9102353304726541,-0.414091346395142
Canal_2,0.9813757814578999,-0.1920978281186228
