,IC_1,IC_2
Canal_1,-0.8717519979980921,-0.48994739920355
Canal_2,-0.9578609210866711,0.28723240738989997
