,IC_1,IC_2
Canal_1,-0.692183662559517,-0.7217213986613565
Canal_2,-0.999156905535744,0.041054574900323555
